<?xml version="1.0" encoding="UTF-8" ?>
<!-- Generated by Oracle SOA Modeler version 1.0 at [9/2/09 3:15 PM]. -->
<composite name="POProcessing"
           revision="1.0"
           label="2009-09-02_15-15-04_625"
           mode="active"
           state="on"
           xmlns="http://xmlns.oracle.com/sca/1.0"
           xmlns:xs="http://www.w3.org/2001/XMLSchema"
           xmlns:wsp="http://schemas.xmlsoap.org/ws/2004/09/policy"
           xmlns:orawsp="http://schemas.oracle.com/ws/2006/01/policy"
           xmlns:ui="http://xmlns.oracle.com/soa/designer/">
  <import namespace="http://oracle.com/sca/soapservice/POProcessing/POProcessing/receivePO"
          location="receivePO.wsdl" importType="wsdl"/>
  <import namespace="http://xmlns.oracle.com/pcbpel/adapter/file/POProcessing/POProcessing/WriteApprovalResults%2F"
          location="WriteApprovalResults.wsdl" importType="wsdl"/>
  <service name="receivePO" ui:wsdlLocation="receivePO.wsdl">
    <interface.wsdl interface="http://oracle.com/sca/soapservice/POProcessing/POProcessing/receivePO#wsdl.interface(execute_ptt)"/>
    <binding.ws port="http://oracle.com/sca/soapservice/POProcessing/POProcessing/receivePO#wsdl.endpoint(receivePO/execute_pt)"/>
  </service>
  <component name="routePO">
    <implementation.mediator src="routePO.mplan"/>
  </component>
  <reference name="WriteApprovalResults"
             ui:wsdlLocation="WriteApprovalResults.wsdl">
    <interface.wsdl interface="http://xmlns.oracle.com/pcbpel/adapter/file/POProcessing/POProcessing/WriteApprovalResults%2F#wsdl.interface(Write_ptt)"/>
    <binding.jca config="WriteApprovalResults_file.jca"/>
  </reference>
  <wire>
    <source.uri>receivePO</source.uri>
    <target.uri>routePO/routePO</target.uri>
  </wire>
  <wire>
    <source.uri>routePO/WriteApprovalResults</source.uri>
    <target.uri>WriteApprovalResults</target.uri>
  </wire>
</composite>
