<?xml version="1.0" encoding="UTF-8" ?>
<JavaBean xmlns="http://xmlns.oracle.com/adfm/beanmodel" version="11.1.1.54.7"
          id="shortHistoryType" Package="ApproveTaskDetails_ManualPOApproval"
          BeanClass="ApproveTaskDetails_ManualPOApproval.shortHistoryType"
          isJavaBased="false">
  <AccessorAttribute id="task" IsCollection="true"
                     BeanClass="ApproveTaskDetails_ManualPOApproval.shortHistoryTaskType"
                     CollectionBeanClass="ApproveTaskDetails_ManualPOApproval.shortHistoryTaskType_task_Operations">
    <Properties>
      <Property Name="minOccurs" Value="0"/>
      <Property Name="maxOccurs" Value="2147483640"/>
      <Property Name="LABEL" Value="Task"/>
      <Property Name="nillable" Value="false"/>
      <Property Name="originalName" Value="task"/>
      <Property Name="targetNamespace"
                Value="http://xmlns.oracle.com/bpel/workflow/task"/>
    </Properties>
  </AccessorAttribute>
</JavaBean>
