<?xml version="1.0" encoding="windows-1252" ?>
<!DOCTYPE AppModule SYSTEM "jbo_03_01.dtd">
<!---->
<AppModule
  xmlns="http://xmlns.oracle.com/bc4j"
  Name="CustomerSDOAppModule"
  Version="11.1.1.54.7"
  ClearCacheOnRollback="true">
  <DesignTime>
    <Attr Name="_deployType" Value="4096"/>
  </DesignTime>
  <ViewUsage
    Name="CustomersView1"
    ViewObjectName="customersdo.CustomersView"/>
  <Remote
    Name="ServiceInterface"
    ServerClassName="customersdo.server.serviceinterface.CustomerSDOServiceImpl">
    <DesignTime>
      <Attr Name="_webServiceName" Value="CustomerSDOService"/>
      <Attr Name="_targetNameSpace" Value="/customersdo/common/"/>
    </DesignTime>
  </Remote>
  <ServiceViewUsage
    ViewUsageName="CustomersView1"
    CanCreate="true"
    CanUpdate="true"
    CanDelete="true"
    CanMerge="true">
    <DesignTime>
      <Attr Name="_DeleteOpName" Value="deleteCustomersView1"/>
      <Attr Name="_ProcessCSOpName" Value="processCSCustomersView1"/>
      <Attr Name="_GetOpName" Value="getCustomersView1"/>
      <Attr Name="_MergeOpName" Value="mergeCustomersView1"/>
      <Attr Name="_FindOpName" Value="findCustomersView1"/>
      <Attr Name="_UpdateOpName" Value="updateCustomersView1"/>
      <Attr Name="_ProcessOpName" Value="processCustomersView1"/>
      <Attr Name="_CreateOpName" Value="createCustomersView1"/>
    </DesignTime>
  </ServiceViewUsage>
</AppModule>
