<?xml version="1.0" encoding="windows-1252" ?>
<!DOCTYPE Entity SYSTEM "jbo_03_01.dtd">
<!---->
<Entity
  xmlns="http://xmlns.oracle.com/bc4j"
  Name="Customers"
  Version="11.1.1.54.7"
  DBObjectType="table"
  DBObjectName="CUSTOMERS"
  AliasName="Customers"
  BindingStyle="OracleName"
  UseGlueCode="false">
  <DesignTime>
    <Attr Name="_codeGenFlag2" Value="Access"/>
    <AttrArray Name="_publishEvents"/>
  </DesignTime>
  <Attribute
    Name="CustomerId"
    IsNotNull="true"
    Precision="10"
    ColumnName="CUSTOMER_ID"
    SQLType="VARCHAR"
    Type="java.lang.String"
    ColumnType="VARCHAR2"
    TableName="CUSTOMERS"
    PrimaryKey="true">
    <DesignTime>
      <Attr Name="_DisplaySize" Value="10"/>
    </DesignTime>
  </Attribute>
  <Attribute
    Name="CustomerName"
    IsNotNull="true"
    Precision="255"
    ColumnName="CUSTOMER_NAME"
    SQLType="VARCHAR"
    Type="java.lang.String"
    ColumnType="VARCHAR2"
    TableName="CUSTOMERS">
    <DesignTime>
      <Attr Name="_DisplaySize" Value="255"/>
    </DesignTime>
  </Attribute>
  <Attribute
    Name="LastOrderNumber"
    Precision="4000"
    ColumnName="LAST_ORDER_NUMBER"
    SQLType="VARCHAR"
    Type="java.lang.String"
    ColumnType="VARCHAR2"
    TableName="CUSTOMERS">
    <DesignTime>
      <Attr Name="_DisplaySize" Value="4000"/>
    </DesignTime>
  </Attribute>
  <Attribute
    Name="LastOrderAmount"
    Precision="10"
    Scale="2"
    ColumnName="LAST_ORDER_AMOUNT"
    SQLType="NUMERIC"
    Type="oracle.jbo.domain.Number"
    ColumnType="NUMBER"
    TableName="CUSTOMERS">
    <DesignTime>
      <Attr Name="_DisplaySize" Value="22"/>
    </DesignTime>
  </Attribute>
  <Key
    Name="SysC0078346">
    <DesignTime>
      <Attr Name="_DBObjectName" Value="SYS_C0078346"/>
      <Attr Name="_checkCondition" Value='"CUSTOMER_ID" IS NOT NULL'/>
      <Attr Name="_isCheck" Value="true"/>
    </DesignTime>
    <AttrArray Name="Attributes">
      <Item Value="customersdo.Customers.CustomerId"/>
    </AttrArray>
  </Key>
  <Key
    Name="SysC0078347">
    <DesignTime>
      <Attr Name="_DBObjectName" Value="SYS_C0078347"/>
      <Attr Name="_checkCondition" Value='"CUSTOMER_NAME" IS NOT NULL'/>
      <Attr Name="_isCheck" Value="true"/>
    </DesignTime>
    <AttrArray Name="Attributes">
      <Item Value="customersdo.Customers.CustomerName"/>
    </AttrArray>
  </Key>
  <Key
    Name="SysC0078348"
    PrimaryKey="true">
    <DesignTime>
      <Attr Name="_DBObjectName" Value="SYS_C0078348"/>
    </DesignTime>
    <AttrArray Name="Attributes">
      <Item Value="customersdo.Customers.CustomerId"/>
    </AttrArray>
  </Key>
</Entity>
