<?xml version="1.0" encoding="UTF-8" ?>
<!-- Generated by Oracle SOA Modeler version 1.0 at [9/2/09 3:15 PM]. -->
<composite name="POProcessing"
           revision="1.2"
           label="2009-09-02_15-15-04_625"
           mode="active"
           state="on"
           xmlns="http://xmlns.oracle.com/sca/1.0"
           xmlns:xs="http://www.w3.org/2001/XMLSchema"
           xmlns:wsp="http://schemas.xmlsoap.org/ws/2004/09/policy"
           xmlns:orawsp="http://schemas.oracle.com/ws/2006/01/policy"
           xmlns:ui="http://xmlns.oracle.com/soa/designer/">
  <import namespace="http://oracle.com/sca/soapservice/POProcessing/POProcessing/receivePO"
          location="receivePO.wsdl" importType="wsdl"/>
  <import namespace="http://xmlns.oracle.com/pcbpel/adapter/file/POProcessing/POProcessing/WriteApprovalResults%2F"
          location="WriteApprovalResults.wsdl" importType="wsdl"/>
  <import namespace="http://oracle.com/sca/soapservice/CreditCardValidation/validationForCC/getStatusByCC"
          location="http://localhost:8001/soa-infra/services/default/validationForCC/getStatusByCC.wsdl"
          importType="wsdl"/>
  <import namespace="http://xmlns.oracle.com/POProcessing/POProcessing/approveLargeOrder"
          location="approveLargeOrder.wsdl" importType="wsdl"/>
  <import namespace="http://oracle.com/sca/soapservice/CreditCardValidation/validationForCC/getStatusByCC"
          location="getStatusByCCRef.wsdl" importType="wsdl"/>
  <import namespace="http://xmlns.oracle.com/bpel/workflow/taskService"
          location="oramds:/soa/shared/workflow/TaskServiceInterface.wsdl"
          importType="wsdl"/>
  <import namespace="http://xmlns.oracle.com/ManualApproval/OracleRules1_DecisionService_1"
          location="OracleRules1_DecisionService_1.wsdl" importType="wsdl"/>
  <import namespace="http://xmlns.oracle.com/FulfillmentRules/OracleRulesFulfillment"
          location="OracleRulesFulfillment.wsdl" importType="wsdl"/>
  <import namespace="http://xmlns.oracle.com/POProcessing/POProcessing/FulfillmentProcess"
          location="FulfillmentProcess.wsdl" importType="wsdl"/>
  <import namespace="http://xmlns.oracle.com/FulfillmentRules/OracleRulesFulfillment"
          location="OracleRulesFulfillmentRef.wsdl" importType="wsdl"/>
  <import namespace="http://xmlns.oracle.com/pcbpel/adapter/jms/POProcessing/POProcessing/JMS_USPS%2F"
          location="JMS_USPS.wsdl" importType="wsdl"/>
  <import namespace="http://xmlns.oracle.com/pcbpel/adapter/jms/POProcessing/POProcessing/JMS_UPS%2F"
          location="JMS_UPS.wsdl" importType="wsdl"/>
  <import namespace="http://xmlns.oracle.com/pcbpel/adapter/jms/POProcessing/POProcessing/JMS_FedEx%2F"
          location="JMS_FedEx.wsdl" importType="wsdl"/>
  <service name="receivePO" ui:wsdlLocation="receivePO.wsdl">
    <interface.wsdl interface="http://oracle.com/sca/soapservice/POProcessing/POProcessing/receivePO#wsdl.interface(execute_ptt)"/>
    <binding.ws port="http://oracle.com/sca/soapservice/POProcessing/POProcessing/receivePO#wsdl.endpoint(receivePO/execute_pt)"/>
  </service>
  <component name="routePO">
    <implementation.mediator src="routePO.mplan"/>
  </component>
  <component name="approveLargeOrder">
    <implementation.bpel src="approveLargeOrder.bpel"/>
    <property name="partnerLink.ManualApproval.OracleRules1_DecisionService_1.DecisionService"
              type="xs:string" many="false"></property>
    <property name="partnerLink.ManualApproval.OracleRules1_DecisionService_1.wsdlRuntimeLocation"
              type="xs:string" many="false">http://${hostname}:${http_port}/rules/${domain_id}/${process_id}/${process_revision}/null/null?WSDL</property>
    <property name="partnerLink.ManualApproval.OracleRules1_DecisionService_1.decisionServiceDetails"
              type="xs:string" many="false">http://${hostname}:${http_port}/rules/${domain_id}/${process_id}/${process_revision}/null/public_html/GetDecisionServiceInfo.jsp</property>
    <property name="partnerLink.ManualApproval.OracleRules1_DecisionService_1.optSoapShortcut"
              type="xs:string" many="false">False</property>
  </component>
  <component name="ManualPOApproval">
    <implementation.workflow src="ManualPOApproval.task"/>
  </component>
  <component name="ManualApproval">
    <implementation.decision src="ManualApproval.decs"/>
  </component>
  <component name="FulfillmentRules">
    <implementation.decision src="FulfillmentRules.decs"/>
  </component>
  <component name="FulfillmentProcess">
    <implementation.bpel src="FulfillmentProcess.bpel"/>
  </component>
  <reference name="WriteApprovalResults"
             ui:wsdlLocation="WriteApprovalResults.wsdl">
    <interface.wsdl interface="http://xmlns.oracle.com/pcbpel/adapter/file/POProcessing/POProcessing/WriteApprovalResults%2F#wsdl.interface(Write_ptt)"/>
    <binding.jca config="WriteApprovalResults_file.jca"/>
  </reference>
  <reference name="getCreditCardStatus"
             ui:wsdlLocation="http://localhost:8001/soa-infra/services/default/validationForCC/getStatusByCC.wsdl">
    <interface.wsdl interface="http://oracle.com/sca/soapservice/CreditCardValidation/validationForCC/getStatusByCC#wsdl.interface(execute_ptt)"/>
    <binding.ws port="http://oracle.com/sca/soapservice/CreditCardValidation/validationForCC/getStatusByCC#wsdl.endpoint(getStatusByCC/execute_pt)"
                location="http://localhost:8001/soa-infra/services/default/validationForCC/getStatusByCC?WSDL"/>
  </reference>
  <reference name="JMS_USPS" ui:wsdlLocation="JMS_USPS.wsdl">
    <interface.wsdl interface="http://xmlns.oracle.com/pcbpel/adapter/jms/POProcessing/POProcessing/JMS_USPS%2F#wsdl.interface(Produce_Message_ptt)"/>
    <binding.jca config="JMS_USPS_jms.jca"/>
  </reference>
  <reference name="JMS_UPS" ui:wsdlLocation="JMS_UPS.wsdl">
    <interface.wsdl interface="http://xmlns.oracle.com/pcbpel/adapter/jms/POProcessing/POProcessing/JMS_UPS%2F#wsdl.interface(Produce_Message_ptt)"/>
    <binding.jca config="JMS_UPS_jms.jca"/>
  </reference>
  <reference name="JMS_FedEx" ui:wsdlLocation="JMS_FedEx.wsdl">
    <interface.wsdl interface="http://xmlns.oracle.com/pcbpel/adapter/jms/POProcessing/POProcessing/JMS_FedEx%2F#wsdl.interface(Produce_Message_ptt)"/>
    <binding.jca config="JMS_FedEx_jms.jca"/>
  </reference>
  <wire>
    <source.uri>receivePO</source.uri>
    <target.uri>routePO/routePO</target.uri>
  </wire>
  <wire>
    <source.uri>routePO/WriteApprovalResults</source.uri>
    <target.uri>WriteApprovalResults</target.uri>
  </wire>
  <wire>
    <source.uri>approveLargeOrder/getCreditCardStatus</source.uri>
    <target.uri>getCreditCardStatus</target.uri>
  </wire>
  <wire>
    <source.uri>routePO/approveLargeOrder.approvelargeorder_client</source.uri>
    <target.uri>approveLargeOrder/approvelargeorder_client</target.uri>
  </wire>
  <wire>
    <source.uri>approveLargeOrder/ManualPOApproval.TaskService</source.uri>
    <target.uri>ManualPOApproval/TaskService</target.uri>
  </wire>
  <wire>
    <source.uri>approveLargeOrder/ManualApproval.OracleRules1_DecisionService_1</source.uri>
    <target.uri>ManualApproval/OracleRules1_DecisionService_1</target.uri>
  </wire>
  <wire>
    <source.uri>FulfillmentProcess/FulfillmentRules.OracleRulesFulfillment</source.uri>
    <target.uri>FulfillmentRules/OracleRulesFulfillment</target.uri>
  </wire>
  <wire>
    <source.uri>approveLargeOrder/FulfillmentProcess.fulfillmentprocess_client</source.uri>
    <target.uri>FulfillmentProcess/fulfillmentprocess_client</target.uri>
  </wire>
  <wire>
    <source.uri>routePO/FulfillmentProcess.fulfillmentprocess_client</source.uri>
    <target.uri>FulfillmentProcess/fulfillmentprocess_client</target.uri>
  </wire>
  <wire>
    <source.uri>FulfillmentProcess/JMS_FedEx</source.uri>
    <target.uri>JMS_FedEx</target.uri>
  </wire>
  <wire>
    <source.uri>FulfillmentProcess/JMS_UPS</source.uri>
    <target.uri>JMS_UPS</target.uri>
  </wire>
  <wire>
    <source.uri>FulfillmentProcess/JMS_USPS</source.uri>
    <target.uri>JMS_USPS</target.uri>
  </wire>
</composite>
