<?xml version = '1.0' encoding = 'UTF-8'?>
<hwTaskFlows xmlns="http://xmlns.oracle.com/bpel/workflow/hwTaskFlowProperties">
   <ApplicationName>worklist</ApplicationName>
   <LookupType>LOCAL</LookupType>
   <TaskFlowDeploy>false</TaskFlowDeploy>
   <SoaServer>
      <ejbProviderUrl/>
      <aliasKeyName/>
      <keyName/>
      <connectionName/>
   </SoaServer>
   <TaskFlowServer>
      <hostName/>
      <httpPort/>
      <httpsPort/>
   </TaskFlowServer>
<hwTaskFlow><WorkflowName>ManualPOApproval</WorkflowName><TaskDefinitionNamespace>http://xmlns.oracle.com/POProcessing/POProcessing/ManualPOApproval</TaskDefinitionNamespace><TaskFlowId>ManualPOApproval_TaskFlow</TaskFlowId><TaskFlowFileName>WEB-INF/ManualPOApproval_TaskFlow.xml</TaskFlowFileName></hwTaskFlow></hwTaskFlows>
