<?xml version="1.0" encoding="windows-1252" ?>
<adfc-config xmlns="http://xmlns.oracle.com/adf/controller" version="1.2">
  <task-flow-definition id="ManualPOApproval_TaskFlow">
    <default-activity>taskDetails1_jspx</default-activity>
    <data-control-scope>
      <isolated/>
    </data-control-scope>
    <input-parameter-definition>
      <name>bpmWorklistContext</name>
      <value>#{pageFlowScope.bpmWorklistContext}</value>
      <class></class>
    </input-parameter-definition>
    <input-parameter-definition>
      <name>bpmWorklistTaskId</name>
      <value>#{pageFlowScope.bpmWorklistTaskId}</value>
      <class></class>
    </input-parameter-definition>
    <input-parameter-definition>
      <name>bpmWorklistTaskVersion</name>
      <value>#{pageFlowScope.bpmWorklistTaskVersion}</value>
      <class></class>
    </input-parameter-definition>
    <input-parameter-definition>
      <name>bpmWorklistHttpURL</name>
      <value>#{pageFlowScope.bpmWorklistHttpURL}</value>
      <class></class>
    </input-parameter-definition>
    <input-parameter-definition>
      <name>bpmWorklistHome</name>
      <value>#{pageFlowScope.bpmWorklistHome}</value>
      <class></class>
    </input-parameter-definition>
    <input-parameter-definition>
      <name>bpmWorklistLogin</name>
      <value>#{pageFlowScope.bpmWorklistLogin}</value>
      <class></class>
    </input-parameter-definition>
    <input-parameter-definition>
      <name>bpmWorklistLogout</name>
      <value>#{pageFlowScope.bpmWorklistLogout}</value>
      <class></class>
    </input-parameter-definition>
    <input-parameter-definition>
      <name>bpmWorklistReassign</name>
      <value>#{pageFlowScope.bpmWorklistReassign}</value>
      <class></class>
    </input-parameter-definition>
    <input-parameter-definition>
      <name>bpmWorklistHistory</name>
      <value>#{pageFlowScope.bpmWorklistHistory}</value>
      <class></class>
    </input-parameter-definition>
    <input-parameter-definition>
      <name>bpmWorklistRequestInfo</name>
      <value>#{pageFlowScope.bpmWorklistRequestInfo}</value>
      <class></class>
    </input-parameter-definition>
    <input-parameter-definition>
      <name>bpmWorklistRoute</name>
      <value>#{pageFlowScope.bpmWorklistRoute}</value>
      <class></class>
    </input-parameter-definition>
    <input-parameter-definition>
      <name>bpmClientType</name>
      <value>#{pageFlowScope.bpmClientType}</value>
      <class></class>
    </input-parameter-definition>
    <input-parameter-definition>
      <name>bpmBrowserWindowStatus</name>
      <value>#{pageFlowScope.bpmBrowserWindowStatus}</value>
      <class></class>
    </input-parameter-definition>
    <input-parameter-definition>
      <name>bpmWorklistBackPage</name>
      <value>#{pageFlowScope.bpmWorklistBackPage}</value>
      <class></class>
    </input-parameter-definition>
    <input-parameter-definition>
      <name>bpmWorklistSecurity</name>
      <value>#{pageFlowScope.bpmWorklistSecurity}</value>
      <class></class>
    </input-parameter-definition>
    <input-parameter-definition>
      <name>bpmWorklistGraphHistory</name>
      <value>#{pageFlowScope.bpmWorklistGraphSecurity}</value>
      <class></class>
    </input-parameter-definition>
    <input-parameter-definition>
      <name>lg</name>
      <value>#{pageFlowScope.lg}</value>
      <class></class>
    </input-parameter-definition>
    <input-parameter-definition>
      <name>cy</name>
      <value>#{pageFlowScope.cy}</value>
      <class></class>
    </input-parameter-definition>
    <input-parameter-definition>
      <name>vr</name>
      <value>#{pageFlowScope.vr}</value>
      <class></class>
    </input-parameter-definition>
    <input-parameter-definition>
      <name>tz</name>
      <value>#{pageFlowScope.tz}</value>
      <class></class>
    </input-parameter-definition>
    <input-parameter-definition>
      <name>df</name>
      <value>#{pageFlowScope.df}</value>
      <class></class>
    </input-parameter-definition>
    <input-parameter-definition>
      <name>tf</name>
      <value>#{pageFlowScope.tf}</value>
      <class></class>
    </input-parameter-definition>
    <input-parameter-definition>
      <name>dt</name>
      <value>#{pageFlowScope.dt}</value>
      <class></class>
    </input-parameter-definition>
    <managed-bean>
      <managed-bean-name>redirectBean</managed-bean-name>
      <managed-bean-class>oracle.bpel.services.workflow.worklist.adf.PageRedirectBean</managed-bean-class>
      <managed-bean-scope>pageFlow</managed-bean-scope>
    </managed-bean>
    <managed-bean>
      <managed-bean-name>addCommentBean</managed-bean-name>
      <managed-bean-class>oracle.bpel.services.workflow.worklist.adf.AddCommentBean</managed-bean-class>
      <managed-bean-scope>request</managed-bean-scope>
      <managed-property>
        <property-name>bindings</property-name>
        <value>#{bindings}</value>
      </managed-property>
    </managed-bean>
    <managed-bean>
      <managed-bean-name>addAttachmentBean</managed-bean-name>
      <managed-bean-class>oracle.bpel.services.workflow.worklist.adf.AddAttachmentBean</managed-bean-class>
      <managed-bean-scope>request</managed-bean-scope>
      <managed-property>
        <property-name>bindings</property-name>
        <value>#{bindings}</value>
      </managed-property>
    </managed-bean>
    <managed-bean>
      <managed-bean-name>readAttachmentBean</managed-bean-name>
      <managed-bean-class>oracle.bpel.services.workflow.worklist.adf.ReadAttachmentBean</managed-bean-class>
      <managed-bean-scope>pageFlow</managed-bean-scope>
    </managed-bean>
    <managed-bean>
      <managed-bean-name>popupBean</managed-bean-name>
      <managed-bean-class>oracle.bpel.services.workflow.worklist.adf.ADFPopupBean</managed-bean-class>
      <managed-bean-scope>request</managed-bean-scope>
    </managed-bean>
    <managed-bean>
      <managed-bean-name>actionAvailable</managed-bean-name>
      <managed-bean-class>oracle.bpel.services.workflow.worklist.adf.ActionEnablerBean</managed-bean-class>
      <managed-bean-scope>request</managed-bean-scope>
      <managed-property>
        <property-name>bindings</property-name>
        <value>#{bindings}</value>
      </managed-property>
    </managed-bean>
    <managed-bean>
      <managed-bean-name>invokeActionBean</managed-bean-name>
      <managed-bean-class>oracle.bpel.services.workflow.worklist.adf.InvokeActionBean</managed-bean-class>
      <managed-bean-scope>request</managed-bean-scope>
      <managed-property>
        <property-name>isReturnActivity</property-name>
        <value>true</value>
      </managed-property>
    </managed-bean>
    <managed-bean>
      <managed-bean-name>aleComponentBean</managed-bean-name>
      <managed-bean-class>oracle.bpel.services.workflow.worklist.adf.ALEComponentBean</managed-bean-class>
      <managed-bean-scope>pageFlow</managed-bean-scope>
    </managed-bean>
    <managed-bean>
      <managed-bean-name>taskFlowReassignBean</managed-bean-name>
      <managed-bean-class>oracle.bpel.services.workflow.worklist.adf.TaskFlowReassignBean</managed-bean-class>
      <managed-bean-scope>pageFlow</managed-bean-scope>
    </managed-bean>
    <managed-bean>
      <managed-bean-name>identityBrowserView</managed-bean-name>
      <managed-bean-class>oracle.bpel.worklistapp.dc.idbrowser.beans.view.IdentityBrowserView</managed-bean-class>
      <managed-bean-scope>pageFlow</managed-bean-scope>
    </managed-bean>
    <finalizer>#{invokeActionBean.invokeScript}</finalizer>
    <view id="taskDetails1_jspx">
      <page>/taskDetails1.jspx</page>
    </view>
    <task-flow-return id="taskReturn">
      <outcome>
        <name>done</name>
      </outcome>
    </task-flow-return>
    <control-flow-rule>
      <from-activity-id>taskDetails1_jspx</from-activity-id>
      <control-flow-case>
        <from-outcome>closeTaskFlow</from-outcome>
        <to-activity-id>taskReturn</to-activity-id>
      </control-flow-case>
    </control-flow-rule>
  </task-flow-definition>
</adfc-config>
