<?xml version="1.0" encoding="UTF-8" ?>
<!-- Generated by Oracle SOA Modeler version 1.0 at [9/15/09 2:37 PM]. -->
<composite name="SOAComposite1"
           revision="1.0"
           label="2009-09-15_14-37-09_343"
           mode="active"
           state="on"
           xmlns="http://xmlns.oracle.com/sca/1.0"
           xmlns:xs="http://www.w3.org/2001/XMLSchema"
           xmlns:wsp="http://schemas.xmlsoap.org/ws/2004/09/policy"
           xmlns:orawsp="http://schemas.oracle.com/ws/2006/01/policy"
           xmlns:ui="http://xmlns.oracle.com/soa/designer/">
  <import namespace="http://www.oracle.com/integration/b2b/receivePO_B2B/"
          location="receivePO_B2B.wsdl" importType="wsdl"/>
  <import namespace="http://oracle.com/sca/soapservice/POProcessing/POProcessing/receivePO"
          location="http://localhost:8001/soa-infra/services/default/POProcessing/receivePO.wsdl"
          importType="wsdl"/>
  <service name="receivePO_B2B" ui:wsdlLocation="receivePO_B2B.wsdl">
    <interface.wsdl interface="http://www.oracle.com/integration/b2b/receivePO_B2B/#wsdl.interface(B2B_receive_ptt)"/>
    <binding.b2b docRef="Custom--1.0--PurchaseOrder--PurchaseOrder_def"/>
  </service>
  <component name="Route_PO">
    <implementation.mediator src="Route_PO.mplan"/>
  </component>
  <reference name="Send_PO"
             ui:wsdlLocation="http://localhost:8001/soa-infra/services/default/POProcessing/receivePO.wsdl">
    <interface.wsdl interface="http://oracle.com/sca/soapservice/POProcessing/POProcessing/receivePO#wsdl.interface(execute_ptt)"/>
    <binding.ws port="http://oracle.com/sca/soapservice/POProcessing/POProcessing/receivePO#wsdl.endpoint(receivePO/execute_pt)"
                location="http://localhost:8001/soa-infra/services/default/POProcessing/receivePO?WSDL"/>
  </reference>
  <wire>
    <source.uri>receivePO_B2B</source.uri>
    <target.uri>Route_PO/Route_PO</target.uri>
  </wire>
  <wire>
    <source.uri>Route_PO/Send_PO</source.uri>
    <target.uri>Send_PO</target.uri>
  </wire>
</composite>
