<?xml version = '1.0' encoding = 'UTF-8'?>
<graphics>
   <diagram popupEditor="false" fixedWidthSwimlanes="true" roundedPartnerlinks="true" centerZoom="true" validateOnLoad="true" confirmBeforeDelete="true" selectedPartnerLinkColor="0,0,153" swimlaneBackground="240,240,240" swimlaneDividerBackground="218,218,218" graphBackground="255,255,255" selectedBorderBackground="49,105,198" connectedPartnerLinkColor="204,204,255" connectablePartnerLinkColor="0,0,255" unconnectedPartnerLinkColor="192,192,192"/>
   <annotationfile/>
   <iconize assign="no" invoke="no" receive="no" reply="no" transform="no" terminate="no" wait="no" compensate="no" empty="no" javaembedding="no" throw="no" validate="no" dropzone="no" sequence="no" scope="no" pick="no" while="no" flow="no" switch="no" onalarm="no" onmessage="no" catch="no" catchall="no" compensationhandler="no" optimize="no"/>
   <partnerlink_locations>
      <partnerlink name="approvelargeorder_client" x="0" y="990" side="left"/>
      <partnerlink name="getCreditCardStatus" x="774" y="504" side="right"/>
      <partnerlink name="ManualPOApproval.TaskService" x="774" y="20" side="right"/>
      <partnerlink name="ManualApproval.OracleRules1_DecisionService_1" x="774" y="77" side="right"/>
      <partnerlink name="FulfillmentProcess.fulfillmentprocess_client" x="774" y="1644" side="right"/>
      <partnerlink name="CustomerSDOService" x="774" y="298" side="right"/>
   </partnerlink_locations>
   <graph_layout viewport="46,685,813,506" show_swimlanes="true">
      <layout_item collapsed="false" xpath="/process/process" type="Process" showhandlers="true"/>
      <layout_item collapsed="false" xpath="/process/sequence" type="Sequence"/>
      <layout_item collapsed="false" xpath="/process/sequence/switch" type="Switch"/>
      <layout_item collapsed="false" xpath="/process/sequence/switch/case" type="Case"/>
      <layout_item collapsed="false" xpath="/process/sequence/switch/case/sequence" type="Sequence"/>
      <layout_item collapsed="true" xpath="/process/sequence/switch/case/sequence/scope" type="Scope" showhandlers="true"/>
      <layout_item collapsed="false" xpath="/process/sequence/switch/case/sequence/scope/sequence" type="Sequence"/>
      <layout_item collapsed="false" xpath="/process/sequence/switch/case/sequence/sequence" type="Sequence"/>
      <layout_item collapsed="false" xpath="/process/sequence/switch/case/sequence/sequence/switch" type="Switch"/>
      <layout_item collapsed="false" xpath="/process/sequence/switch/case/sequence/sequence/switch/case" type="Case"/>
      <layout_item collapsed="false" xpath="/process/sequence/switch/case/sequence/sequence/switch/case/sequence" type="Sequence"/>
      <layout_item collapsed="true" xpath="/process/sequence/switch/case/sequence/sequence/switch/case/sequence/scope" type="Scope" showhandlers="true"/>
      <layout_item collapsed="false" xpath="/process/sequence/switch/case/sequence/sequence/switch/case/sequence/scope/sequence" type="Sequence"/>
      <layout_item collapsed="true" xpath="/process/sequence/switch/case/sequence/sequence/switch/case/sequence/switch" type="Switch"/>
      <layout_item collapsed="false" xpath="/process/sequence/switch/case/sequence/sequence/switch/case/sequence/switch/case[1]" type="Case"/>
      <layout_item collapsed="false" xpath="/process/sequence/switch/case/sequence/sequence/switch/case/sequence/switch/case[1]/sequence" type="Sequence"/>
      <layout_item collapsed="false" xpath="/process/sequence/switch/case/sequence/sequence/switch/case/sequence/switch/case[2]" type="Case"/>
      <layout_item collapsed="false" xpath="/process/sequence/switch/case/sequence/sequence/switch/case/sequence/switch/case[2]/sequence" type="Sequence"/>
      <layout_item collapsed="false" xpath="/process/sequence/switch/case/sequence/sequence/switch/case/sequence/switch/otherwise" type="Default"/>
      <layout_item collapsed="false" xpath="/process/sequence/switch/case/sequence/sequence/switch/case/sequence/switch/otherwise/sequence" type="Sequence"/>
      <layout_item collapsed="false" xpath="/process/sequence/switch/case/sequence/sequence/switch/otherwise" type="Default"/>
      <layout_item collapsed="false" xpath="/process/sequence/switch/case/sequence/switch" type="Switch"/>
      <layout_item collapsed="false" xpath="/process/sequence/switch/case/sequence/switch/case" type="Case"/>
      <layout_item collapsed="false" xpath="/process/sequence/switch/case/sequence/switch/case/sequence" type="Sequence"/>
      <layout_item collapsed="false" xpath="/process/sequence/switch/otherwise" type="Default"/>
   </graph_layout>
   <bookmarks/>
</graphics>
