<?xml version = '1.0' encoding = 'UTF-8'?>
<References xmlns="http://xmlns.oracle.com/adf/jndi">
   <Reference name="soademo" className="oracle.jdeveloper.db.adapter.DatabaseProvider" credentialStoreKey="soademo" xmlns="">
      <Factory className="oracle.jdeveloper.db.adapter.DatabaseProviderFactory"/>
      <RefAddresses>
         <StringRefAddr addrType="sid">
            <Contents>XE</Contents>
         </StringRefAddr>
         <StringRefAddr addrType="subtype">
            <Contents>oraJDBC</Contents>
         </StringRefAddr>
         <StringRefAddr addrType="port">
            <Contents>1521</Contents>
         </StringRefAddr>
         <StringRefAddr addrType="hostname">
            <Contents>localhost</Contents>
         </StringRefAddr>
         <StringRefAddr addrType="user">
            <Contents>soademo</Contents>
         </StringRefAddr>
         <SecureRefAddr addrType="password"/>
         <StringRefAddr addrType="DeployPassword">
            <Contents>true</Contents>
         </StringRefAddr>
         <StringRefAddr addrType="oraDriverType">
            <Contents>thin</Contents>
         </StringRefAddr>
      </RefAddresses>
   </Reference>
   <Reference name="{/customersdo/common/}CustomerSDOService" className="oracle.jbo.client.svc.Service" xmlns="">
      <Factory className="oracle.jbo.client.svc.ServiceFactory"/>
      <RefAddresses>
         <StringRefAddr addrType="serviceInterfaceName">
            <Contents>customersdo.common.serviceinterface.CustomerSDOService</Contents>
         </StringRefAddr>
         <StringRefAddr addrType="serviceEndpointProvider">
            <Contents>ADFBC</Contents>
         </StringRefAddr>
         <StringRefAddr addrType="jndiName">
            <Contents>CustomerSDOServiceBean#customersdo.common.serviceinterface.CustomerSDOService</Contents>
         </StringRefAddr>
         <StringRefAddr addrType="serviceSchemaName">
            <Contents>CustomerSDOService.xsd</Contents>
         </StringRefAddr>
         <StringRefAddr addrType="serviceSchemaLocation">
            <Contents>customersdo/common/serviceinterface/</Contents>
         </StringRefAddr>
      </RefAddresses>
   </Reference>
</References>