<?xml version="1.0" encoding="UTF-8" ?>
<!-- Generated by Oracle SOA Modeler version 1.0 at [9/2/09 1:19 PM]. -->
<composite name="validationForCC"
           revision="1.0"
           label="2009-09-02_13-19-48_422"
           mode="active"
           state="on"
           xmlns="http://xmlns.oracle.com/sca/1.0"
           xmlns:xs="http://www.w3.org/2001/XMLSchema"
           xmlns:wsp="http://schemas.xmlsoap.org/ws/2004/09/policy"
           xmlns:orawsp="http://schemas.oracle.com/ws/2006/01/policy"
           xmlns:ui="http://xmlns.oracle.com/soa/designer/">
  <import namespace="http://xmlns.oracle.com/pcbpel/adapter/db/CreditCardValidation/validationForCC/getCreditValidation%2F"
          location="getCreditValidation.wsdl" importType="wsdl"/>
  <import namespace="http://oracle.com/sca/soapservice/CreditCardValidation/validationForCC/getStatusByCC"
          location="getStatusByCC.wsdl" importType="wsdl"/>
  <import namespace="http://xmlns.oracle.com/pcbpel/adapter/db/CreditCardValidation/validationForCC/validateCC%2F"
          location="validateCC.wsdl" importType="wsdl"/>
  <service name="getStatusByCC" ui:wsdlLocation="getStatusByCC.wsdl">
    <interface.wsdl interface="http://oracle.com/sca/soapservice/CreditCardValidation/validationForCC/getStatusByCC#wsdl.interface(execute_ptt)"/>
    <binding.ws port="http://oracle.com/sca/soapservice/CreditCardValidation/validationForCC/getStatusByCC#wsdl.endpoint(getStatusByCC/execute_pt)"/>
  </service>
  <component name="RouteRequest">
    <implementation.mediator src="RouteRequest.mplan"/>
  </component>
  <reference name="getCreditValidation"
             ui:wsdlLocation="getCreditValidation.wsdl">
    <interface.wsdl interface="http://xmlns.oracle.com/pcbpel/adapter/db/CreditCardValidation/validationForCC/getCreditValidation%2F#wsdl.interface(getCreditValidation_ptt)"/>
    <binding.jca config="getCreditValidation_db.jca"/>
    <property name="jca.retry.count" type="xs:int" many="false" override="may">4</property>
    <property name="jca.retry.interval" type="xs:int" many="false"
              override="may">1</property>
    <property name="jca.retry.backoff" type="xs:int" many="false"
              override="may">2</property>
    <property name="jca.retry.maxInterval" type="xs:string" many="false"
              override="may">120</property>
  </reference>
  <reference name="validateCC" ui:wsdlLocation="validateCC.wsdl">
    <interface.wsdl interface="http://xmlns.oracle.com/pcbpel/adapter/db/CreditCardValidation/validationForCC/validateCC%2F#wsdl.interface(validateCC_ptt)"/>
    <binding.jca config="validateCC_db.jca"/>
    <property name="jca.retry.count" type="xs:int" many="false" override="may">4</property>
    <property name="jca.retry.interval" type="xs:int" many="false"
              override="may">1</property>
    <property name="jca.retry.backoff" type="xs:int" many="false"
              override="may">2</property>
    <property name="jca.retry.maxInterval" type="xs:string" many="false"
              override="may">120</property>
  </reference>
  <wire>
    <source.uri>getStatusByCC</source.uri>
    <target.uri>RouteRequest/RouteRequest</target.uri>
  </wire>
  <wire>
    <source.uri>RouteRequest/getCreditValidation</source.uri>
    <target.uri>getCreditValidation</target.uri>
  </wire>
  <wire>
    <source.uri>RouteRequest/validateCC</source.uri>
    <target.uri>validateCC</target.uri>
  </wire>
</composite>
