<?xml version = '1.0' encoding = 'UTF-8'?>
<task-flow-registry xmlns="http://xmlns.oracle.com/adf/controller/rc">
   <task-flow-descriptor path="WEB-INF/ManualPOApproval_TaskFlow.xml" id="ManualPOApproval_TaskFlow" type="task-flow-definition" uses-page-fragments="false" train="false">
      <input-parameter name="dt"/>
      <input-parameter name="bpmWorklistReassign"/>
      <input-parameter name="bpmWorklistLogin"/>
      <input-parameter name="bpmWorklistTaskId"/>
      <input-parameter name="bpmClientType"/>
      <input-parameter name="tf"/>
      <input-parameter name="cy"/>
      <input-parameter name="vr"/>
      <input-parameter name="bpmWorklistRequestInfo"/>
      <input-parameter name="bpmWorklistHttpURL"/>
      <input-parameter name="bpmWorklistHome"/>
      <input-parameter name="bpmWorklistHistory"/>
      <input-parameter name="df"/>
      <input-parameter name="tz"/>
      <input-parameter name="bpmWorklistContext"/>
      <input-parameter name="bpmWorklistGraphHistory"/>
      <input-parameter name="bpmWorklistSecurity"/>
      <input-parameter name="bpmWorklistTaskVersion"/>
      <input-parameter name="bpmWorklistRoute"/>
      <input-parameter name="lg"/>
      <input-parameter name="bpmWorklistLogout"/>
      <input-parameter name="bpmBrowserWindowStatus"/>
      <input-parameter name="bpmWorklistBackPage"/>
   </task-flow-descriptor>
   <task-flow-descriptor path="META-INF/adfc-config.xml" id="" type="" uses-page-fragments="false" train="false"/>
</task-flow-registry>